modele,h,couverture,largeur_rel,n
ets,1,0.872,0.313,546
ets,2,0.862,0.358,544
ets,3,0.844,0.38,551
ets,4,0.824,0.401,551
ets,5,0.785,0.393,534
ets,6,0.827,0.514,509
lightgbm_global,1,0.863,0.319,546
lightgbm_global,2,0.86,0.336,544
lightgbm_global,3,0.835,0.373,551
lightgbm_global,4,0.849,0.436,551
lightgbm_global,5,0.831,0.459,534
lightgbm_global,6,0.815,0.511,509
naif,1,0.875,0.321,546
naif,2,0.864,0.34,544
naif,3,0.846,0.405,551
naif,4,0.855,0.487,551
naif,5,0.816,0.502,534
naif,6,0.823,0.545,509
naif_saisonnier,1,0.786,0.611,546
naif_saisonnier,2,0.774,0.609,544
naif_saisonnier,3,0.791,0.6,551
naif_saisonnier,4,0.77,0.562,551
naif_saisonnier,5,0.798,0.563,534
naif_saisonnier,6,0.786,0.58,509
prophet,1,0.74,0.437,546
prophet,2,0.778,0.481,544
prophet,3,0.759,0.488,551
prophet,4,0.753,0.464,551
prophet,5,0.757,0.476,534
prophet,6,0.737,0.484,509
