marche,produit,modele,h,date,prevu,bas,haut,derniere_obs
Amegnran,Cassava meal (gari),naif,1,2022-07-01,300.0,267.2,339.4,2022-06-01
Amegnran,Cassava meal (gari),naif,2,2022-08-01,300.0,264.6,351.8,2022-06-01
Amegnran,Cassava meal (gari),naif,3,2022-09-01,300.0,251.6,356.9,2022-06-01
Amegnran,Cassava meal (gari),naif,4,2022-10-01,300.0,234.8,361.5,2022-06-01
Amegnran,Cassava meal (gari),naif,5,2022-11-01,300.0,233.4,378.1,2022-06-01
Amegnran,Cassava meal (gari),naif,6,2022-12-01,300.0,237.5,396.9,2022-06-01
Amegnran,Cassava meal (gari),ets,1,2022-07-01,314.6,280.1,358.1,2022-06-01
Amegnran,Cassava meal (gari),ets,2,2022-08-01,317.6,278.5,373.4,2022-06-01
Amegnran,Cassava meal (gari),ets,3,2022-09-01,315.3,275.2,385.5,2022-06-01
Amegnran,Cassava meal (gari),ets,4,2022-10-01,309.9,266.0,387.2,2022-06-01
Amegnran,Cassava meal (gari),ets,5,2022-11-01,301.4,248.2,370.4,2022-06-01
Amegnran,Cassava meal (gari),ets,6,2022-12-01,307.6,249.6,399.8,2022-06-01
Amegnran,Cassava meal (gari),lightgbm_global,1,2022-07-01,299.5,263.2,334.8,2022-06-01
Amegnran,Cassava meal (gari),lightgbm_global,2,2022-08-01,299.8,258.9,346.8,2022-06-01
Amegnran,Cassava meal (gari),lightgbm_global,3,2022-09-01,297.5,252.1,355.4,2022-06-01
Amegnran,Cassava meal (gari),lightgbm_global,4,2022-10-01,293.4,243.0,351.3,2022-06-01
Amegnran,Cassava meal (gari),lightgbm_global,5,2022-11-01,292.9,235.1,361.4,2022-06-01
Amegnran,Cassava meal (gari),lightgbm_global,6,2022-12-01,293.1,236.3,384.0,2022-06-01
Amegnran,Maize (white),naif,1,2022-07-01,295.0,262.8,333.7,2022-06-01
Amegnran,Maize (white),naif,2,2022-08-01,295.0,260.2,345.9,2022-06-01
Amegnran,Maize (white),naif,3,2022-09-01,295.0,247.4,350.9,2022-06-01
Amegnran,Maize (white),naif,4,2022-10-01,295.0,230.8,355.5,2022-06-01
Amegnran,Maize (white),naif,5,2022-11-01,295.0,229.5,371.8,2022-06-01
Amegnran,Maize (white),naif,6,2022-12-01,295.0,233.5,390.3,2022-06-01
Amegnran,Maize (white),ets,1,2022-07-01,291.2,259.2,331.4,2022-06-01
Amegnran,Maize (white),ets,2,2022-08-01,290.5,254.8,341.6,2022-06-01
Amegnran,Maize (white),ets,3,2022-09-01,262.6,229.2,321.0,2022-06-01
Amegnran,Maize (white),ets,4,2022-10-01,266.7,228.9,333.2,2022-06-01
Amegnran,Maize (white),ets,5,2022-11-01,266.1,219.2,327.1,2022-06-01
Amegnran,Maize (white),ets,6,2022-12-01,276.6,224.5,359.6,2022-06-01
Amegnran,Maize (white),lightgbm_global,1,2022-07-01,302.3,265.8,338.0,2022-06-01
Amegnran,Maize (white),lightgbm_global,2,2022-08-01,298.2,257.4,344.8,2022-06-01
Amegnran,Maize (white),lightgbm_global,3,2022-09-01,284.3,241.0,339.6,2022-06-01
Amegnran,Maize (white),lightgbm_global,4,2022-10-01,278.9,231.0,333.9,2022-06-01
Amegnran,Maize (white),lightgbm_global,5,2022-11-01,279.6,224.4,345.0,2022-06-01
Amegnran,Maize (white),lightgbm_global,6,2022-12-01,281.5,226.9,368.7,2022-06-01
Amegnran,Rice (imported),naif,1,2022-07-01,560.0,498.8,633.5,2022-06-01
Amegnran,Rice (imported),naif,2,2022-08-01,560.0,493.9,656.7,2022-06-01
Amegnran,Rice (imported),naif,3,2022-09-01,560.0,469.6,666.2,2022-06-01
Amegnran,Rice (imported),naif,4,2022-10-01,560.0,438.2,674.8,2022-06-01
Amegnran,Rice (imported),naif,5,2022-11-01,560.0,435.6,705.9,2022-06-01
Amegnran,Rice (imported),naif,6,2022-12-01,560.0,443.3,740.9,2022-06-01
Amegnran,Rice (imported),ets,1,2022-07-01,552.6,492.0,629.0,2022-06-01
Amegnran,Rice (imported),ets,2,2022-08-01,556.6,488.1,654.4,2022-06-01
Amegnran,Rice (imported),ets,3,2022-09-01,564.2,492.5,689.7,2022-06-01
Amegnran,Rice (imported),ets,4,2022-10-01,558.4,479.3,697.8,2022-06-01
Amegnran,Rice (imported),ets,5,2022-11-01,562.3,463.1,691.1,2022-06-01
Amegnran,Rice (imported),ets,6,2022-12-01,563.9,457.6,732.9,2022-06-01
Amegnran,Rice (imported),lightgbm_global,1,2022-07-01,559.9,492.2,625.9,2022-06-01
Amegnran,Rice (imported),lightgbm_global,2,2022-08-01,560.1,483.6,647.8,2022-06-01
Amegnran,Rice (imported),lightgbm_global,3,2022-09-01,560.2,474.7,669.1,2022-06-01
Amegnran,Rice (imported),lightgbm_global,4,2022-10-01,560.2,463.9,670.7,2022-06-01
Amegnran,Rice (imported),lightgbm_global,5,2022-11-01,560.4,449.7,691.3,2022-06-01
Amegnran,Rice (imported),lightgbm_global,6,2022-12-01,560.7,451.9,734.4,2022-06-01
Anie,Cassava meal (gari),naif,1,2022-07-01,300.0,267.2,339.4,2022-06-01
Anie,Cassava meal (gari),naif,2,2022-08-01,300.0,264.6,351.8,2022-06-01
Anie,Cassava meal (gari),naif,3,2022-09-01,300.0,251.6,356.9,2022-06-01
Anie,Cassava meal (gari),naif,4,2022-10-01,300.0,234.8,361.5,2022-06-01
Anie,Cassava meal (gari),naif,5,2022-11-01,300.0,233.4,378.1,2022-06-01
Anie,Cassava meal (gari),naif,6,2022-12-01,300.0,237.5,396.9,2022-06-01
Anie,Cassava meal (gari),ets,1,2022-07-01,309.9,275.9,352.8,2022-06-01
Anie,Cassava meal (gari),ets,2,2022-08-01,309.4,271.3,363.7,2022-06-01
Anie,Cassava meal (gari),ets,3,2022-09-01,306.0,267.1,374.1,2022-06-01
Anie,Cassava meal (gari),ets,4,2022-10-01,298.1,255.8,372.5,2022-06-01
Anie,Cassava meal (gari),ets,5,2022-11-01,289.6,238.5,355.9,2022-06-01
Anie,Cassava meal (gari),ets,6,2022-12-01,296.0,240.2,384.8,2022-06-01
Anie,Cassava meal (gari),lightgbm_global,1,2022-07-01,314.9,276.8,352.0,2022-06-01
Anie,Cassava meal (gari),lightgbm_global,2,2022-08-01,315.1,272.0,364.4,2022-06-01
Anie,Cassava meal (gari),lightgbm_global,3,2022-09-01,314.7,266.7,375.9,2022-06-01
Anie,Cassava meal (gari),lightgbm_global,4,2022-10-01,313.2,259.4,375.0,2022-06-01
Anie,Cassava meal (gari),lightgbm_global,5,2022-11-01,313.2,251.3,386.3,2022-06-01
Anie,Cassava meal (gari),lightgbm_global,6,2022-12-01,313.5,252.6,410.6,2022-06-01
Anie,Maize (white),naif,1,2022-07-01,255.0,227.2,288.5,2022-06-01
Anie,Maize (white),naif,2,2022-08-01,255.0,224.9,299.0,2022-06-01
Anie,Maize (white),naif,3,2022-09-01,255.0,213.8,303.4,2022-06-01
Anie,Maize (white),naif,4,2022-10-01,255.0,199.5,307.3,2022-06-01
Anie,Maize (white),naif,5,2022-11-01,255.0,198.4,321.4,2022-06-01
Anie,Maize (white),naif,6,2022-12-01,255.0,201.8,337.4,2022-06-01
Anie,Maize (white),ets,1,2022-07-01,251.8,224.2,286.6,2022-06-01
Anie,Maize (white),ets,2,2022-08-01,234.3,205.4,275.5,2022-06-01
Anie,Maize (white),ets,3,2022-09-01,203.3,177.4,248.5,2022-06-01
Anie,Maize (white),ets,4,2022-10-01,211.8,181.8,264.7,2022-06-01
Anie,Maize (white),ets,5,2022-11-01,215.7,177.7,265.2,2022-06-01
Anie,Maize (white),ets,6,2022-12-01,229.0,185.9,297.7,2022-06-01
Anie,Maize (white),lightgbm_global,1,2022-07-01,257.1,226.0,287.4,2022-06-01
Anie,Maize (white),lightgbm_global,2,2022-08-01,253.3,218.7,292.9,2022-06-01
Anie,Maize (white),lightgbm_global,3,2022-09-01,243.2,206.1,290.5,2022-06-01
Anie,Maize (white),lightgbm_global,4,2022-10-01,239.0,198.0,286.2,2022-06-01
Anie,Maize (white),lightgbm_global,5,2022-11-01,239.7,192.4,295.7,2022-06-01
Anie,Maize (white),lightgbm_global,6,2022-12-01,241.1,194.3,315.8,2022-06-01
Anie,Rice (imported),naif,1,2022-07-01,460.0,409.8,520.4,2022-06-01
Anie,Rice (imported),naif,2,2022-08-01,460.0,405.7,539.4,2022-06-01
Anie,Rice (imported),naif,3,2022-09-01,460.0,385.8,547.2,2022-06-01
Anie,Rice (imported),naif,4,2022-10-01,460.0,360.0,554.3,2022-06-01
Anie,Rice (imported),naif,5,2022-11-01,460.0,357.8,579.8,2022-06-01
Anie,Rice (imported),naif,6,2022-12-01,460.0,364.1,608.6,2022-06-01
Anie,Rice (imported),ets,1,2022-07-01,455.3,405.4,518.3,2022-06-01
Anie,Rice (imported),ets,2,2022-08-01,442.6,388.1,520.3,2022-06-01
Anie,Rice (imported),ets,3,2022-09-01,443.7,387.2,542.3,2022-06-01
Anie,Rice (imported),ets,4,2022-10-01,444.3,381.3,555.2,2022-06-01
Anie,Rice (imported),ets,5,2022-11-01,442.8,364.8,544.3,2022-06-01
Anie,Rice (imported),ets,6,2022-12-01,444.6,360.9,578.0,2022-06-01
Anie,Rice (imported),lightgbm_global,1,2022-07-01,461.1,405.3,515.5,2022-06-01
Anie,Rice (imported),lightgbm_global,2,2022-08-01,461.2,398.2,533.4,2022-06-01
Anie,Rice (imported),lightgbm_global,3,2022-09-01,459.5,389.4,548.8,2022-06-01
Anie,Rice (imported),lightgbm_global,4,2022-10-01,459.6,380.6,550.3,2022-06-01
Anie,Rice (imported),lightgbm_global,5,2022-11-01,459.7,368.9,567.1,2022-06-01
Anie,Rice (imported),lightgbm_global,6,2022-12-01,459.8,370.5,602.2,2022-06-01
Anie,Sorghum,naif,1,2022-07-01,280.0,249.4,316.8,2022-06-01
Anie,Sorghum,naif,2,2022-08-01,280.0,247.0,328.3,2022-06-01
Anie,Sorghum,naif,3,2022-09-01,280.0,234.8,333.1,2022-06-01
Anie,Sorghum,naif,4,2022-10-01,280.0,219.1,337.4,2022-06-01
Anie,Sorghum,naif,5,2022-11-01,280.0,217.8,352.9,2022-06-01
Anie,Sorghum,naif,6,2022-12-01,280.0,221.6,370.5,2022-06-01
Anie,Sorghum,ets,1,2022-07-01,288.8,257.1,328.7,2022-06-01
Anie,Sorghum,ets,2,2022-08-01,292.3,256.3,343.6,2022-06-01
Anie,Sorghum,ets,3,2022-09-01,299.4,261.3,366.0,2022-06-01
Anie,Sorghum,ets,4,2022-10-01,310.5,266.5,388.0,2022-06-01
Anie,Sorghum,ets,5,2022-11-01,281.0,231.5,345.4,2022-06-01
Anie,Sorghum,ets,6,2022-12-01,252.2,204.7,327.9,2022-06-01
Anie,Sorghum,lightgbm_global,1,2022-07-01,285.0,250.5,318.5,2022-06-01
Anie,Sorghum,lightgbm_global,2,2022-08-01,284.0,245.2,328.5,2022-06-01
Anie,Sorghum,lightgbm_global,3,2022-09-01,281.9,238.9,336.7,2022-06-01
Anie,Sorghum,lightgbm_global,4,2022-10-01,280.8,232.5,336.1,2022-06-01
Anie,Sorghum,lightgbm_global,5,2022-11-01,280.4,225.0,345.8,2022-06-01
Anie,Sorghum,lightgbm_global,6,2022-12-01,280.4,226.0,367.3,2022-06-01
Cinkassé,Cassava meal (gari),naif,1,2022-07-01,335.0,298.4,379.0,2022-06-01
Cinkassé,Cassava meal (gari),naif,2,2022-08-01,335.0,295.5,392.8,2022-06-01
Cinkassé,Cassava meal (gari),naif,3,2022-09-01,335.0,280.9,398.5,2022-06-01
Cinkassé,Cassava meal (gari),naif,4,2022-10-01,335.0,262.1,403.7,2022-06-01
Cinkassé,Cassava meal (gari),naif,5,2022-11-01,335.0,260.6,422.3,2022-06-01
Cinkassé,Cassava meal (gari),naif,6,2022-12-01,335.0,265.2,443.2,2022-06-01
Cinkassé,Cassava meal (gari),ets,1,2022-07-01,365.0,325.0,415.5,2022-06-01
Cinkassé,Cassava meal (gari),ets,2,2022-08-01,368.6,323.3,433.4,2022-06-01
Cinkassé,Cassava meal (gari),ets,3,2022-09-01,359.1,313.4,439.0,2022-06-01
Cinkassé,Cassava meal (gari),ets,4,2022-10-01,362.2,310.8,452.6,2022-06-01
Cinkassé,Cassava meal (gari),ets,5,2022-11-01,352.8,290.6,433.6,2022-06-01
Cinkassé,Cassava meal (gari),ets,6,2022-12-01,351.7,285.4,457.1,2022-06-01
Cinkassé,Cassava meal (gari),lightgbm_global,1,2022-07-01,354.6,311.7,396.3,2022-06-01
Cinkassé,Cassava meal (gari),lightgbm_global,2,2022-08-01,358.0,309.1,414.0,2022-06-01
Cinkassé,Cassava meal (gari),lightgbm_global,3,2022-09-01,359.6,304.8,429.6,2022-06-01
Cinkassé,Cassava meal (gari),lightgbm_global,4,2022-10-01,358.9,297.2,429.7,2022-06-01
Cinkassé,Cassava meal (gari),lightgbm_global,5,2022-11-01,359.0,288.1,442.8,2022-06-01
Cinkassé,Cassava meal (gari),lightgbm_global,6,2022-12-01,359.2,289.5,470.5,2022-06-01
Cinkassé,Maize (white),naif,1,2022-07-01,260.0,231.6,294.1,2022-06-01
Cinkassé,Maize (white),naif,2,2022-08-01,260.0,229.3,304.9,2022-06-01
Cinkassé,Maize (white),naif,3,2022-09-01,260.0,218.0,309.3,2022-06-01
Cinkassé,Maize (white),naif,4,2022-10-01,260.0,203.5,313.3,2022-06-01
Cinkassé,Maize (white),naif,5,2022-11-01,260.0,202.2,327.7,2022-06-01
Cinkassé,Maize (white),naif,6,2022-12-01,260.0,205.8,344.0,2022-06-01
Cinkassé,Maize (white),ets,1,2022-07-01,264.9,235.8,301.5,2022-06-01
Cinkassé,Maize (white),ets,2,2022-08-01,266.5,233.7,313.3,2022-06-01
Cinkassé,Maize (white),ets,3,2022-09-01,251.3,219.4,307.2,2022-06-01
Cinkassé,Maize (white),ets,4,2022-10-01,236.0,202.5,294.9,2022-06-01
Cinkassé,Maize (white),ets,5,2022-11-01,233.1,192.0,286.5,2022-06-01
Cinkassé,Maize (white),ets,6,2022-12-01,238.9,193.9,310.5,2022-06-01
Cinkassé,Maize (white),lightgbm_global,1,2022-07-01,261.2,229.6,291.9,2022-06-01
Cinkassé,Maize (white),lightgbm_global,2,2022-08-01,260.0,224.5,300.7,2022-06-01
Cinkassé,Maize (white),lightgbm_global,3,2022-09-01,245.6,208.2,293.4,2022-06-01
Cinkassé,Maize (white),lightgbm_global,4,2022-10-01,239.7,198.5,287.0,2022-06-01
Cinkassé,Maize (white),lightgbm_global,5,2022-11-01,239.3,192.1,295.2,2022-06-01
Cinkassé,Maize (white),lightgbm_global,6,2022-12-01,240.8,194.0,315.3,2022-06-01
Cinkassé,Rice (imported),naif,1,2022-07-01,465.0,414.2,526.1,2022-06-01
Cinkassé,Rice (imported),naif,2,2022-08-01,465.0,410.1,545.3,2022-06-01
Cinkassé,Rice (imported),naif,3,2022-09-01,465.0,390.0,553.2,2022-06-01
Cinkassé,Rice (imported),naif,4,2022-10-01,465.0,363.9,560.3,2022-06-01
Cinkassé,Rice (imported),naif,5,2022-11-01,465.0,361.7,586.1,2022-06-01
Cinkassé,Rice (imported),naif,6,2022-12-01,465.0,368.1,615.2,2022-06-01
Cinkassé,Rice (imported),ets,1,2022-07-01,464.0,413.1,528.1,2022-06-01
Cinkassé,Rice (imported),ets,2,2022-08-01,474.8,416.3,558.2,2022-06-01
Cinkassé,Rice (imported),ets,3,2022-09-01,463.6,404.6,566.7,2022-06-01
Cinkassé,Rice (imported),ets,4,2022-10-01,461.4,396.0,576.6,2022-06-01
Cinkassé,Rice (imported),ets,5,2022-11-01,454.6,374.4,558.7,2022-06-01
Cinkassé,Rice (imported),ets,6,2022-12-01,461.3,374.4,599.6,2022-06-01
Cinkassé,Rice (imported),lightgbm_global,1,2022-07-01,465.0,408.7,519.8,2022-06-01
Cinkassé,Rice (imported),lightgbm_global,2,2022-08-01,465.0,401.5,537.8,2022-06-01
Cinkassé,Rice (imported),lightgbm_global,3,2022-09-01,464.5,393.7,554.8,2022-06-01
Cinkassé,Rice (imported),lightgbm_global,4,2022-10-01,464.7,384.9,556.4,2022-06-01
Cinkassé,Rice (imported),lightgbm_global,5,2022-11-01,464.8,373.0,573.4,2022-06-01
Cinkassé,Rice (imported),lightgbm_global,6,2022-12-01,465.1,374.9,609.2,2022-06-01
Cinkassé,Sorghum,naif,1,2022-07-01,270.0,240.5,305.5,2022-06-01
Cinkassé,Sorghum,naif,2,2022-08-01,270.0,238.1,316.6,2022-06-01
Cinkassé,Sorghum,naif,3,2022-09-01,270.0,226.4,321.2,2022-06-01
Cinkassé,Sorghum,naif,4,2022-10-01,270.0,211.3,325.3,2022-06-01
Cinkassé,Sorghum,naif,5,2022-11-01,270.0,210.0,340.3,2022-06-01
Cinkassé,Sorghum,naif,6,2022-12-01,270.0,213.7,357.2,2022-06-01
Cinkassé,Sorghum,ets,1,2022-07-01,284.4,253.2,323.8,2022-06-01
Cinkassé,Sorghum,ets,2,2022-08-01,281.7,247.0,331.2,2022-06-01
Cinkassé,Sorghum,ets,3,2022-09-01,261.1,227.9,319.1,2022-06-01
Cinkassé,Sorghum,ets,4,2022-10-01,243.7,209.1,304.5,2022-06-01
Cinkassé,Sorghum,ets,5,2022-11-01,251.4,207.1,309.0,2022-06-01
Cinkassé,Sorghum,ets,6,2022-12-01,258.1,209.5,335.5,2022-06-01
Cinkassé,Sorghum,lightgbm_global,1,2022-07-01,273.8,240.7,306.0,2022-06-01
Cinkassé,Sorghum,lightgbm_global,2,2022-08-01,275.2,237.6,318.3,2022-06-01
Cinkassé,Sorghum,lightgbm_global,3,2022-09-01,270.2,229.0,322.7,2022-06-01
Cinkassé,Sorghum,lightgbm_global,4,2022-10-01,259.9,215.2,311.2,2022-06-01
Cinkassé,Sorghum,lightgbm_global,5,2022-11-01,259.1,207.9,319.6,2022-06-01
Cinkassé,Sorghum,lightgbm_global,6,2022-12-01,259.2,208.9,339.5,2022-06-01
Kara,Cassava meal (gari),naif,1,2022-07-01,470.0,418.7,531.7,2022-06-01
Kara,Cassava meal (gari),naif,2,2022-08-01,470.0,414.5,551.2,2022-06-01
Kara,Cassava meal (gari),naif,3,2022-09-01,470.0,394.2,559.1,2022-06-01
Kara,Cassava meal (gari),naif,4,2022-10-01,470.0,367.8,566.3,2022-06-01
Kara,Cassava meal (gari),naif,5,2022-11-01,470.0,365.6,592.4,2022-06-01
Kara,Cassava meal (gari),naif,6,2022-12-01,470.0,372.0,621.8,2022-06-01
Kara,Cassava meal (gari),ets,1,2022-07-01,448.3,399.2,510.3,2022-06-01
Kara,Cassava meal (gari),ets,2,2022-08-01,440.8,386.5,518.2,2022-06-01
Kara,Cassava meal (gari),ets,3,2022-09-01,431.5,376.6,527.5,2022-06-01
Kara,Cassava meal (gari),ets,4,2022-10-01,432.2,371.0,540.2,2022-06-01
Kara,Cassava meal (gari),ets,5,2022-11-01,427.9,352.5,525.9,2022-06-01
Kara,Cassava meal (gari),ets,6,2022-12-01,429.6,348.7,558.4,2022-06-01
Kara,Cassava meal (gari),lightgbm_global,1,2022-07-01,468.1,411.5,523.3,2022-06-01
Kara,Cassava meal (gari),lightgbm_global,2,2022-08-01,469.8,405.6,543.3,2022-06-01
Kara,Cassava meal (gari),lightgbm_global,3,2022-09-01,464.4,393.5,554.7,2022-06-01
Kara,Cassava meal (gari),lightgbm_global,4,2022-10-01,449.3,372.1,537.9,2022-06-01
Kara,Cassava meal (gari),lightgbm_global,5,2022-11-01,446.6,358.4,550.8,2022-06-01
Kara,Cassava meal (gari),lightgbm_global,6,2022-12-01,447.1,360.4,585.7,2022-06-01
Kara,Maize (white),naif,1,2022-07-01,270.0,240.5,305.5,2022-06-01
Kara,Maize (white),naif,2,2022-08-01,270.0,238.1,316.6,2022-06-01
Kara,Maize (white),naif,3,2022-09-01,270.0,226.4,321.2,2022-06-01
Kara,Maize (white),naif,4,2022-10-01,270.0,211.3,325.3,2022-06-01
Kara,Maize (white),naif,5,2022-11-01,270.0,210.0,340.3,2022-06-01
Kara,Maize (white),naif,6,2022-12-01,270.0,213.7,357.2,2022-06-01
Kara,Maize (white),ets,1,2022-07-01,271.9,242.1,309.5,2022-06-01
Kara,Maize (white),ets,2,2022-08-01,277.0,242.9,325.6,2022-06-01
Kara,Maize (white),ets,3,2022-09-01,260.2,227.1,318.0,2022-06-01
Kara,Maize (white),ets,4,2022-10-01,250.7,215.2,313.3,2022-06-01
Kara,Maize (white),ets,5,2022-11-01,250.7,206.5,308.1,2022-06-01
Kara,Maize (white),ets,6,2022-12-01,256.1,207.9,332.9,2022-06-01
Kara,Maize (white),lightgbm_global,1,2022-07-01,273.4,240.3,305.6,2022-06-01
Kara,Maize (white),lightgbm_global,2,2022-08-01,271.7,234.6,314.3,2022-06-01
Kara,Maize (white),lightgbm_global,3,2022-09-01,256.9,217.7,306.9,2022-06-01
Kara,Maize (white),lightgbm_global,4,2022-10-01,249.4,206.5,298.6,2022-06-01
Kara,Maize (white),lightgbm_global,5,2022-11-01,248.8,199.6,306.8,2022-06-01
Kara,Maize (white),lightgbm_global,6,2022-12-01,250.1,201.6,327.6,2022-06-01
Kara,Rice (imported),naif,1,2022-07-01,465.0,414.2,526.1,2022-06-01
Kara,Rice (imported),naif,2,2022-08-01,465.0,410.1,545.3,2022-06-01
Kara,Rice (imported),naif,3,2022-09-01,465.0,390.0,553.2,2022-06-01
Kara,Rice (imported),naif,4,2022-10-01,465.0,363.9,560.3,2022-06-01
Kara,Rice (imported),naif,5,2022-11-01,465.0,361.7,586.1,2022-06-01
Kara,Rice (imported),naif,6,2022-12-01,465.0,368.1,615.2,2022-06-01
Kara,Rice (imported),ets,1,2022-07-01,463.4,412.6,527.5,2022-06-01
Kara,Rice (imported),ets,2,2022-08-01,463.7,406.6,545.2,2022-06-01
Kara,Rice (imported),ets,3,2022-09-01,466.3,407.0,570.0,2022-06-01
Kara,Rice (imported),ets,4,2022-10-01,463.5,397.8,579.2,2022-06-01
Kara,Rice (imported),ets,5,2022-11-01,469.7,386.9,577.4,2022-06-01
Kara,Rice (imported),ets,6,2022-12-01,468.1,379.9,608.5,2022-06-01
Kara,Rice (imported),lightgbm_global,1,2022-07-01,466.4,409.9,521.3,2022-06-01
Kara,Rice (imported),lightgbm_global,2,2022-08-01,466.6,402.9,539.6,2022-06-01
Kara,Rice (imported),lightgbm_global,3,2022-09-01,466.4,395.2,557.1,2022-06-01
Kara,Rice (imported),lightgbm_global,4,2022-10-01,466.2,386.1,558.2,2022-06-01
Kara,Rice (imported),lightgbm_global,5,2022-11-01,466.5,374.3,575.4,2022-06-01
Kara,Rice (imported),lightgbm_global,6,2022-12-01,466.6,376.0,611.1,2022-06-01
Kara,Sorghum,naif,1,2022-07-01,309.0,275.3,349.6,2022-06-01
Kara,Sorghum,naif,2,2022-08-01,309.0,272.5,362.4,2022-06-01
Kara,Sorghum,naif,3,2022-09-01,309.0,259.1,367.6,2022-06-01
Kara,Sorghum,naif,4,2022-10-01,309.0,241.8,372.3,2022-06-01
Kara,Sorghum,naif,5,2022-11-01,309.0,240.4,389.5,2022-06-01
Kara,Sorghum,naif,6,2022-12-01,309.0,244.6,408.8,2022-06-01
Kara,Sorghum,ets,1,2022-07-01,312.3,278.0,355.5,2022-06-01
Kara,Sorghum,ets,2,2022-08-01,320.2,280.7,376.4,2022-06-01
Kara,Sorghum,ets,3,2022-09-01,316.7,276.4,387.1,2022-06-01
Kara,Sorghum,ets,4,2022-10-01,320.8,275.4,400.9,2022-06-01
Kara,Sorghum,ets,5,2022-11-01,313.8,258.4,385.7,2022-06-01
Kara,Sorghum,ets,6,2022-12-01,290.2,235.5,377.2,2022-06-01
Kara,Sorghum,lightgbm_global,1,2022-07-01,312.9,275.1,349.8,2022-06-01
Kara,Sorghum,lightgbm_global,2,2022-08-01,312.4,269.8,361.3,2022-06-01
Kara,Sorghum,lightgbm_global,3,2022-09-01,308.3,261.2,368.2,2022-06-01
Kara,Sorghum,lightgbm_global,4,2022-10-01,301.4,249.7,360.9,2022-06-01
Kara,Sorghum,lightgbm_global,5,2022-11-01,300.7,241.3,370.9,2022-06-01
Kara,Sorghum,lightgbm_global,6,2022-12-01,299.3,241.2,392.0,2022-06-01
Korbongou,Cassava meal (gari),naif,1,2022-07-01,470.0,418.7,531.7,2022-06-01
Korbongou,Cassava meal (gari),naif,2,2022-08-01,470.0,414.5,551.2,2022-06-01
Korbongou,Cassava meal (gari),naif,3,2022-09-01,470.0,394.2,559.1,2022-06-01
Korbongou,Cassava meal (gari),naif,4,2022-10-01,470.0,367.8,566.3,2022-06-01
Korbongou,Cassava meal (gari),naif,5,2022-11-01,470.0,365.6,592.4,2022-06-01
Korbongou,Cassava meal (gari),naif,6,2022-12-01,470.0,372.0,621.8,2022-06-01
Korbongou,Cassava meal (gari),ets,1,2022-07-01,456.9,406.8,520.1,2022-06-01
Korbongou,Cassava meal (gari),ets,2,2022-08-01,457.9,401.5,538.4,2022-06-01
Korbongou,Cassava meal (gari),ets,3,2022-09-01,439.3,383.4,537.0,2022-06-01
Korbongou,Cassava meal (gari),ets,4,2022-10-01,437.0,375.1,546.1,2022-06-01
Korbongou,Cassava meal (gari),ets,5,2022-11-01,433.4,357.0,532.8,2022-06-01
Korbongou,Cassava meal (gari),ets,6,2022-12-01,431.8,350.4,561.2,2022-06-01
Korbongou,Cassava meal (gari),lightgbm_global,1,2022-07-01,470.7,413.7,526.1,2022-06-01
Korbongou,Cassava meal (gari),lightgbm_global,2,2022-08-01,470.4,406.2,544.1,2022-06-01
Korbongou,Cassava meal (gari),lightgbm_global,3,2022-09-01,461.3,390.9,551.0,2022-06-01
Korbongou,Cassava meal (gari),lightgbm_global,4,2022-10-01,453.5,375.6,543.0,2022-06-01
Korbongou,Cassava meal (gari),lightgbm_global,5,2022-11-01,452.3,362.9,557.9,2022-06-01
Korbongou,Cassava meal (gari),lightgbm_global,6,2022-12-01,452.6,364.8,592.8,2022-06-01
Korbongou,Maize (white),naif,1,2022-07-01,265.0,236.1,299.8,2022-06-01
Korbongou,Maize (white),naif,2,2022-08-01,265.0,233.7,310.8,2022-06-01
Korbongou,Maize (white),naif,3,2022-09-01,265.0,222.2,315.3,2022-06-01
Korbongou,Maize (white),naif,4,2022-10-01,265.0,207.4,319.3,2022-06-01
Korbongou,Maize (white),naif,5,2022-11-01,265.0,206.1,334.0,2022-06-01
Korbongou,Maize (white),naif,6,2022-12-01,265.0,209.8,350.6,2022-06-01
Korbongou,Maize (white),ets,1,2022-07-01,270.0,240.4,307.3,2022-06-01
Korbongou,Maize (white),ets,2,2022-08-01,270.1,236.9,317.6,2022-06-01
Korbongou,Maize (white),ets,3,2022-09-01,250.6,218.7,306.3,2022-06-01
Korbongou,Maize (white),ets,4,2022-10-01,241.9,207.6,302.3,2022-06-01
Korbongou,Maize (white),ets,5,2022-11-01,234.2,192.9,287.8,2022-06-01
Korbongou,Maize (white),ets,6,2022-12-01,239.5,194.4,311.3,2022-06-01
Korbongou,Maize (white),lightgbm_global,1,2022-07-01,266.5,234.2,297.9,2022-06-01
Korbongou,Maize (white),lightgbm_global,2,2022-08-01,264.7,228.6,306.2,2022-06-01
Korbongou,Maize (white),lightgbm_global,3,2022-09-01,248.9,211.0,297.3,2022-06-01
Korbongou,Maize (white),lightgbm_global,4,2022-10-01,241.0,199.6,288.5,2022-06-01
Korbongou,Maize (white),lightgbm_global,5,2022-11-01,240.4,192.9,296.6,2022-06-01
Korbongou,Maize (white),lightgbm_global,6,2022-12-01,241.5,194.7,316.4,2022-06-01
Korbongou,Rice (imported),naif,1,2022-07-01,495.0,440.9,560.0,2022-06-01
Korbongou,Rice (imported),naif,2,2022-08-01,495.0,436.6,580.5,2022-06-01
Korbongou,Rice (imported),naif,3,2022-09-01,495.0,415.1,588.9,2022-06-01
Korbongou,Rice (imported),naif,4,2022-10-01,495.0,387.3,596.5,2022-06-01
Korbongou,Rice (imported),naif,5,2022-11-01,495.0,385.0,623.9,2022-06-01
Korbongou,Rice (imported),naif,6,2022-12-01,495.0,391.8,654.9,2022-06-01
Korbongou,Rice (imported),ets,1,2022-07-01,496.4,442.0,565.1,2022-06-01
Korbongou,Rice (imported),ets,2,2022-08-01,509.1,446.5,598.6,2022-06-01
Korbongou,Rice (imported),ets,3,2022-09-01,497.4,434.2,608.1,2022-06-01
Korbongou,Rice (imported),ets,4,2022-10-01,493.7,423.7,616.9,2022-06-01
Korbongou,Rice (imported),ets,5,2022-11-01,482.6,397.5,593.1,2022-06-01
Korbongou,Rice (imported),ets,6,2022-12-01,496.4,402.9,645.2,2022-06-01
Korbongou,Rice (imported),lightgbm_global,1,2022-07-01,495.6,435.7,554.0,2022-06-01
Korbongou,Rice (imported),lightgbm_global,2,2022-08-01,495.7,428.0,573.3,2022-06-01
Korbongou,Rice (imported),lightgbm_global,3,2022-09-01,495.4,419.8,591.7,2022-06-01
Korbongou,Rice (imported),lightgbm_global,4,2022-10-01,495.0,410.0,592.7,2022-06-01
Korbongou,Rice (imported),lightgbm_global,5,2022-11-01,495.0,397.2,610.6,2022-06-01
Korbongou,Rice (imported),lightgbm_global,6,2022-12-01,495.0,398.9,648.3,2022-06-01
Korbongou,Sorghum,naif,1,2022-07-01,290.0,258.3,328.1,2022-06-01
Korbongou,Sorghum,naif,2,2022-08-01,290.0,255.8,340.1,2022-06-01
Korbongou,Sorghum,naif,3,2022-09-01,290.0,243.2,345.0,2022-06-01
Korbongou,Sorghum,naif,4,2022-10-01,290.0,226.9,349.4,2022-06-01
Korbongou,Sorghum,naif,5,2022-11-01,290.0,225.6,365.5,2022-06-01
Korbongou,Sorghum,naif,6,2022-12-01,290.0,229.5,383.7,2022-06-01
Korbongou,Sorghum,ets,1,2022-07-01,298.1,265.4,339.4,2022-06-01
Korbongou,Sorghum,ets,2,2022-08-01,296.4,259.9,348.5,2022-06-01
Korbongou,Sorghum,ets,3,2022-09-01,267.7,233.6,327.2,2022-06-01
Korbongou,Sorghum,ets,4,2022-10-01,249.6,214.3,312.0,2022-06-01
Korbongou,Sorghum,ets,5,2022-11-01,262.7,216.4,322.9,2022-06-01
Korbongou,Sorghum,ets,6,2022-12-01,267.5,217.1,347.8,2022-06-01
Korbongou,Sorghum,lightgbm_global,1,2022-07-01,294.2,258.6,328.9,2022-06-01
Korbongou,Sorghum,lightgbm_global,2,2022-08-01,294.4,254.1,340.4,2022-06-01
Korbongou,Sorghum,lightgbm_global,3,2022-09-01,283.4,240.2,338.5,2022-06-01
Korbongou,Sorghum,lightgbm_global,4,2022-10-01,270.9,224.4,324.4,2022-06-01
Korbongou,Sorghum,lightgbm_global,5,2022-11-01,269.0,215.9,331.8,2022-06-01
Korbongou,Sorghum,lightgbm_global,6,2022-12-01,269.2,217.0,352.6,2022-06-01
Lomé,Cassava meal (gari),naif,1,2022-07-01,415.0,369.7,469.5,2022-06-01
Lomé,Cassava meal (gari),naif,2,2022-08-01,415.0,366.0,486.7,2022-06-01
Lomé,Cassava meal (gari),naif,3,2022-09-01,415.0,348.0,493.7,2022-06-01
Lomé,Cassava meal (gari),naif,4,2022-10-01,415.0,324.7,500.1,2022-06-01
Lomé,Cassava meal (gari),naif,5,2022-11-01,415.0,322.8,523.1,2022-06-01
Lomé,Cassava meal (gari),naif,6,2022-12-01,415.0,328.5,549.1,2022-06-01
Lomé,Cassava meal (gari),ets,1,2022-07-01,409.8,364.8,466.4,2022-06-01
Lomé,Cassava meal (gari),ets,2,2022-08-01,414.7,363.7,487.6,2022-06-01
Lomé,Cassava meal (gari),ets,3,2022-09-01,409.8,357.7,501.0,2022-06-01
Lomé,Cassava meal (gari),ets,4,2022-10-01,397.2,340.9,496.3,2022-06-01
Lomé,Cassava meal (gari),ets,5,2022-11-01,390.7,321.8,480.2,2022-06-01
Lomé,Cassava meal (gari),ets,6,2022-12-01,392.7,318.7,510.5,2022-06-01
Lomé,Cassava meal (gari),lightgbm_global,1,2022-07-01,411.2,361.5,459.7,2022-06-01
Lomé,Cassava meal (gari),lightgbm_global,2,2022-08-01,410.9,354.8,475.2,2022-06-01
Lomé,Cassava meal (gari),lightgbm_global,3,2022-09-01,408.5,346.2,487.9,2022-06-01
Lomé,Cassava meal (gari),lightgbm_global,4,2022-10-01,405.0,335.4,484.9,2022-06-01
Lomé,Cassava meal (gari),lightgbm_global,5,2022-11-01,404.1,324.3,498.5,2022-06-01
Lomé,Cassava meal (gari),lightgbm_global,6,2022-12-01,404.2,325.8,529.4,2022-06-01
Lomé,Maize (white),naif,1,2022-07-01,300.0,267.2,339.4,2022-06-01
Lomé,Maize (white),naif,2,2022-08-01,300.0,264.6,351.8,2022-06-01
Lomé,Maize (white),naif,3,2022-09-01,300.0,251.6,356.9,2022-06-01
Lomé,Maize (white),naif,4,2022-10-01,300.0,234.8,361.5,2022-06-01
Lomé,Maize (white),naif,5,2022-11-01,300.0,233.4,378.1,2022-06-01
Lomé,Maize (white),naif,6,2022-12-01,300.0,237.5,396.9,2022-06-01
Lomé,Maize (white),ets,1,2022-07-01,295.0,262.7,335.8,2022-06-01
Lomé,Maize (white),ets,2,2022-08-01,286.9,251.6,337.4,2022-06-01
Lomé,Maize (white),ets,3,2022-09-01,266.3,232.4,325.5,2022-06-01
Lomé,Maize (white),ets,4,2022-10-01,260.1,223.3,325.1,2022-06-01
Lomé,Maize (white),ets,5,2022-11-01,261.3,215.3,321.2,2022-06-01
Lomé,Maize (white),ets,6,2022-12-01,266.0,215.9,345.7,2022-06-01
Lomé,Maize (white),lightgbm_global,1,2022-07-01,305.0,268.1,340.9,2022-06-01
Lomé,Maize (white),lightgbm_global,2,2022-08-01,303.8,262.3,351.4,2022-06-01
Lomé,Maize (white),lightgbm_global,3,2022-09-01,292.4,247.8,349.3,2022-06-01
Lomé,Maize (white),lightgbm_global,4,2022-10-01,290.0,240.2,347.2,2022-06-01
Lomé,Maize (white),lightgbm_global,5,2022-11-01,289.8,232.6,357.5,2022-06-01
Lomé,Maize (white),lightgbm_global,6,2022-12-01,291.5,235.0,381.8,2022-06-01
Lomé,Rice (imported),naif,1,2022-07-01,460.0,409.8,520.4,2022-04-01
Lomé,Rice (imported),naif,2,2022-08-01,460.0,405.7,539.4,2022-04-01
Lomé,Rice (imported),naif,3,2022-09-01,460.0,385.8,547.2,2022-04-01
Lomé,Rice (imported),naif,4,2022-10-01,460.0,360.0,554.3,2022-04-01
Lomé,Rice (imported),naif,5,2022-11-01,460.0,357.8,579.8,2022-04-01
Lomé,Rice (imported),naif,6,2022-12-01,460.0,364.1,608.6,2022-04-01
Lomé,Rice (imported),ets,1,2022-07-01,460.6,410.1,524.3,2022-04-01
Lomé,Rice (imported),ets,2,2022-08-01,463.3,406.3,544.7,2022-04-01
Lomé,Rice (imported),ets,3,2022-09-01,462.9,404.0,565.9,2022-04-01
Lomé,Rice (imported),ets,4,2022-10-01,456.4,391.8,570.4,2022-04-01
Lomé,Rice (imported),ets,5,2022-11-01,442.7,364.6,544.1,2022-04-01
Lomé,Rice (imported),ets,6,2022-12-01,453.9,368.3,589.9,2022-04-01
Lomé,Rice (imported),lightgbm_global,1,2022-07-01,460.6,404.8,514.8,2022-04-01
Lomé,Rice (imported),lightgbm_global,2,2022-08-01,460.7,397.8,532.8,2022-04-01
Lomé,Rice (imported),lightgbm_global,3,2022-09-01,460.6,390.3,550.2,2022-04-01
Lomé,Rice (imported),lightgbm_global,4,2022-10-01,460.6,381.4,551.4,2022-04-01
Lomé,Rice (imported),lightgbm_global,5,2022-11-01,460.5,369.5,568.0,2022-04-01
Lomé,Rice (imported),lightgbm_global,6,2022-12-01,460.5,371.2,603.2,2022-04-01
Lomé,Sorghum,naif,1,2022-07-01,320.0,285.1,362.0,2022-06-01
Lomé,Sorghum,naif,2,2022-08-01,320.0,282.2,375.3,2022-06-01
Lomé,Sorghum,naif,3,2022-09-01,320.0,268.4,380.7,2022-06-01
Lomé,Sorghum,naif,4,2022-10-01,320.0,250.4,385.6,2022-06-01
Lomé,Sorghum,naif,5,2022-11-01,320.0,248.9,403.4,2022-06-01
Lomé,Sorghum,naif,6,2022-12-01,320.0,253.3,423.4,2022-06-01
Lomé,Sorghum,ets,1,2022-07-01,331.5,295.2,377.4,2022-06-01
Lomé,Sorghum,ets,2,2022-08-01,333.4,292.3,392.0,2022-06-01
Lomé,Sorghum,ets,3,2022-09-01,343.5,299.8,419.9,2022-06-01
Lomé,Sorghum,ets,4,2022-10-01,341.0,292.7,426.1,2022-06-01
Lomé,Sorghum,ets,5,2022-11-01,330.3,272.1,406.0,2022-06-01
Lomé,Sorghum,ets,6,2022-12-01,334.1,271.2,434.3,2022-06-01
Lomé,Sorghum,lightgbm_global,1,2022-07-01,322.3,283.3,360.3,2022-06-01
Lomé,Sorghum,lightgbm_global,2,2022-08-01,321.2,277.3,371.5,2022-06-01
Lomé,Sorghum,lightgbm_global,3,2022-09-01,318.8,270.2,380.8,2022-06-01
Lomé,Sorghum,lightgbm_global,4,2022-10-01,315.3,261.1,377.5,2022-06-01
Lomé,Sorghum,lightgbm_global,5,2022-11-01,315.0,252.8,388.6,2022-06-01
Lomé,Sorghum,lightgbm_global,6,2022-12-01,315.1,253.9,412.7,2022-06-01
