modele,h,MASE,MAPE,n
ets,1,0.977,8.395,614
ets,2,1.177,10.347,611
ets,3,1.286,10.967,619
ets,4,1.366,11.734,620
ets,5,1.48,12.747,602
ets,6,1.654,13.531,575
lightgbm_global,1,0.972,8.292,614
lightgbm_global,2,1.105,9.76,611
lightgbm_global,3,1.261,11.187,619
lightgbm_global,4,1.342,12.044,620
lightgbm_global,5,1.494,13.193,602
lightgbm_global,6,1.686,13.941,575
naif,1,0.923,8.023,614
naif,2,1.08,9.626,611
naif,3,1.279,11.584,619
naif,4,1.415,12.86,620
naif,5,1.591,14.109,602
naif,6,1.724,14.268,575
naif_saisonnier,1,2.098,17.452,614
naif_saisonnier,2,2.204,18.489,611
naif_saisonnier,3,2.11,17.587,619
naif_saisonnier,4,2.006,17.159,620
naif_saisonnier,5,2.037,17.542,602
naif_saisonnier,6,2.142,17.595,575
prophet,1,1.863,15.573,614
prophet,2,2.014,17.067,611
prophet,3,2.038,16.951,619
prophet,4,2.028,17.217,620
prophet,5,2.112,17.93,602
prophet,6,2.194,17.573,575
