modele,h,ecart_mase,ic95_bas,ic95_haut,significatif,n_origines
ets,1,0.055,0.009,0.098,True,27
lightgbm_global,1,0.049,-0.018,0.132,False,27
naif_saisonnier,1,1.176,0.82,1.565,True,27
prophet,1,0.94,0.61,1.301,True,27
ets,2,0.097,0.049,0.14,True,27
lightgbm_global,2,0.024,-0.026,0.081,False,27
naif_saisonnier,2,1.123,0.822,1.445,True,27
prophet,2,0.933,0.624,1.282,True,27
ets,3,0.007,-0.073,0.088,False,27
lightgbm_global,3,-0.018,-0.079,0.044,False,27
naif_saisonnier,3,0.831,0.6,1.076,True,27
prophet,3,0.759,0.503,1.06,True,27
ets,4,-0.05,-0.163,0.063,False,27
lightgbm_global,4,-0.073,-0.152,0.003,False,27
naif_saisonnier,4,0.591,0.362,0.842,True,27
prophet,4,0.613,0.344,0.939,True,27
ets,5,-0.111,-0.244,0.019,False,27
lightgbm_global,5,-0.097,-0.177,-0.019,True,27
naif_saisonnier,5,0.446,0.264,0.655,True,27
prophet,5,0.521,0.271,0.809,True,27
ets,6,-0.07,-0.199,0.061,False,26
lightgbm_global,6,-0.038,-0.131,0.068,False,26
naif_saisonnier,6,0.418,0.196,0.687,True,26
prophet,6,0.471,0.188,0.825,True,26
